case,filter,MAE_HU,RMSE_HU,MAX_HU
sdct_sin_ruido,ramp,22.92477653864213,31.889723601580496,355.4330196428795
sdct_sin_ruido,shepp-logan,25.40899269656564,36.093425185209405,412.7245238679465
sdct_sin_ruido,cosine,31.01526392737172,45.17440914334709,539.3299879797434
sdct_sin_ruido,hamming,35.09736030482323,52.65836026264943,631.5083852180494
sdct_sin_ruido,hann,36.29965707543384,54.6384227711734,656.9501941975512
ldct_sin_ruido,ramp,53.304137206954124,68.8988501961008,446.96443130790186
ldct_sin_ruido,shepp-logan,58.0857001756483,75.49404509696207,509.3938260979976
ldct_sin_ruido,cosine,69.38666478036734,90.57869911326698,637.56533670584
ldct_sin_ruido,hamming,76.07385795776175,99.66587494470934,753.972594904404
ldct_sin_ruido,hann,78.4177897104195,102.78929527782884,783.3016064435271
sdct_gaussiano,ramp,62.67596096684578,78.90611030157262,435.8436983180566
sdct_gaussiano,shepp-logan,54.028987673883705,68.64795919763272,454.3202225236074
sdct_gaussiano,cosine,44.101523716934636,58.67321338156538,565.2114865045323
sdct_gaussiano,hamming,43.10991742826237,60.27760966244321,661.0349440834265
sdct_gaussiano,hann,43.069920787349176,60.983421787618695,688.8003029756312
ldct_gaussiano,ramp,79.01191844175686,99.70004050161012,612.3226839464628
ldct_gaussiano,shepp-logan,75.03388693591516,95.4030583273026,618.1133374827048
ldct_gaussiano,cosine,75.73482469640388,98.02047280248594,654.2258493119083
ldct_gaussiano,hamming,79.60509542387068,103.9024828313828,753.0977192610605
ldct_gaussiano,hann,81.32738319869472,106.31161056034563,787.0329779279162
